<?xml version="1.0" encoding="UTF-8" standalone="yes"?>
<addon id="repository.otaku" name="Otaku's Repository" version="1.0" provider-name="adenlall">
    <extension point="xbmc.addon.repository" name="Otaku's Repository">
        <dir>
            <info compressed="false">https://raw.githubusercontent.com/adenlall/repository.otaku/master/repo/zips/addons.xml</info>
            <checksum>https://raw.githubusercontent.com/adenlall/repository.otaku/master/repo/zips/addons.xml.md5</checksum>
            <datadir zip="true">https://raw.githubusercontent.com/adenlall/repository.otaku/master/repo/zips/</datadir>
        </dir>
    </extension>
    <extension point="xbmc.addon.metadata">
        <summary>Otaku's Repository</summary>
        <description>A repository for Otaku</description>
        <disclaimer></disclaimer>
        <platform>all</platform>
        <assets>
            <icon>icon.png</icon>
            <fanart>fanart.jpg</fanart>
        </assets>
    </extension>
</addon>